time,pm2.5,pm10
0.7508635520935059,111.5,601.8
1.751495122909546,117.5,626.3
2.7517240047454834,123.4,650.7
3.752331256866455,129.5,679.1
4.752902984619141,136.7,707.1
5.753473520278931,143.2,731.9
6.753990173339844,150.1,758.6
7.754553556442261,157.8,796.4
8.754955530166626,165.7,827.3
9.755326271057129,173.0,853.3
10.75562071800232,179.9,879.8
11.755983591079712,187.0,910.5
12.75615406036377,194.1,938.1
13.756720066070557,201.5,966.0
14.757096767425537,209.5,998.3
15.757518768310547,217.2,1026.7
16.757848739624023,224.4,1051.0
17.758392333984375,229.1,1073.4
18.75870156288147,236.8,1101.3
19.759271144866943,245.2,1138.4
20.759613752365112,253.3,1169.0
21.76013946533203,260.4,1196.0
22.760728359222412,266.3,1223.6
23.761098384857178,274.4,1252.2
24.761590719223022,281.6,1276.6
25.76212477684021,288.4,1305.2
26.762559175491333,295.6,1339.2
27.762848377227783,305.4,1382.7
28.76338768005371,311.3,1409.2
29.763920783996582,317.7,1436.5
30.764309644699097,324.0,1461.3
31.764828205108643,330.9,1487.5
32.76536679267883,340.0,1523.7
33.765905141830444,347.8,1550.6
34.76645517349243,353.6,1581.3
35.76684594154358,359.1,1609.9
36.767411947250366,364.5,1638.5
37.76792025566101,370.4,1667.5
38.76839804649353,375.7,1690.7
39.76977515220642,384.3,1729.9
40.770301818847656,391.1,1756.6
41.77066135406494,396.7,1783.7
42.77122259140015,403.7,1806.5
43.771711587905884,411.2,1836.1
44.772244930267334,420.7,1871.9
45.77277612686157,428.2,1900.6
46.77333736419678,433.8,1933.3
47.77384638786316,441.5,1962.3
48.77437925338745,448.0,1994.3
49.774882316589355,453.7,1999.9
50.775521755218506,459.5,1999.9
51.77596306800842,465.5,1999.9
52.77670907974243,472.8,1999.9
53.777297258377075,478.3,1999.9
54.77759075164795,484.9,1999.9
55.77804350852966,489.4,1999.9
56.77845788002014,494.7,1999.9
57.778820753097534,497.7,1999.9
58.77930545806885,502.2,1999.9
59.77966499328613,507.5,1999.9
60.78002858161926,510.7,1999.9
61.7805962562561,514.5,1999.9
62.78107953071594,516.2,1999.9
63.78161668777466,519.8,1999.9
64.78203773498535,525.1,1999.9
65.78250575065613,530.7,1999.9
66.78285694122314,535.5,1999.9
67.78337955474854,538.1,1999.9
68.78399276733398,541.6,1999.9
69.78444933891296,543.7,1999.9
70.78502058982849,545.1,1999.9
71.78549933433533,548.2,1999.9
72.78608512878418,551.5,1999.9
73.7867202758789,552.9,1999.9
74.78737378120422,553.4,1999.9
75.78780746459961,556.6,1999.9
76.7882981300354,559.1,1999.9
77.78888893127441,563.5,1999.9
78.78954648971558,565.8,1999.9
79.79011678695679,569.9,1999.9
80.79066371917725,572.1,1999.9
81.79117965698242,576.1,1999.9
82.7916750907898,580.1,1999.9
83.79203486442566,582.1,1999.9
84.79257321357727,584.5,1999.9
85.79292964935303,590.2,1999.9
86.79351353645325,593.2,1999.9
87.7941300868988,597.7,1999.9
88.79464101791382,604.6,1999.9
89.79518294334412,607.2,1999.9
90.79574012756348,612.8,1999.9
91.79626154899597,616.5,1999.9
92.79679942131042,620.4,1999.9
93.79753589630127,624.6,1999.9
94.79792547225952,627.9,1999.9
95.79821300506592,631.6,1999.9
96.79897451400757,636.3,1999.9
97.79950070381165,641.8,1999.9
98.79997634887695,646.9,1999.9
99.80052304267883,649.9,1999.9
100.80104112625122,654.6,1999.9
101.80177664756775,659.7,1999.9
102.80231785774231,662.7,1999.9
103.80281615257263,667.3,1999.9
104.80331134796143,669.4,1999.9
105.80368399620056,672.2,1999.9
106.80434727668762,677.9,1999.9
107.80491304397583,681.1,1999.9
108.80544328689575,684.9,1999.9
109.80602431297302,686.8,1999.9
110.80649518966675,690.9,1999.9
111.8070604801178,693.5,1999.9
112.80744957923889,694.3,1999.9
113.80791139602661,698.3,1999.9
114.80844759941101,702.0,1999.9
115.80896282196045,703.3,1999.9
116.80956077575684,705.1,1999.9
117.81003379821777,707.0,1999.9
118.81081223487854,708.8,1999.9
119.81129312515259,712.1,1999.9
120.81184959411621,713.6,1999.9
121.81250333786011,715.8,1999.9
122.81300687789917,717.4,1999.9
123.8136146068573,718.6,1999.9
124.81419396400452,719.7,1999.9
125.81478428840637,720.3,1999.9
126.81532740592957,721.4,1999.9
127.8159966468811,721.4,1999.9
128.81636714935303,721.5,1999.9
129.8169298171997,723.2,1999.9
130.81766271591187,725.1,1999.9
131.81796097755432,726.2,1999.9
132.8185477256775,726.3,1999.9
133.81904363632202,726.6,1999.9
134.819598197937,728.8,1999.9
135.82008361816406,729.3,1999.9
136.82076692581177,729.9,1999.9
137.82115244865417,730.3,1999.9
138.8216609954834,731.0,1999.9
139.82228899002075,729.1,1999.9
140.82272124290466,729.3,1999.9
141.82327103614807,729.4,1999.9
142.82374668121338,730.9,1999.9
143.8243591785431,732.4,1999.9
144.82476592063904,733.4,1999.9
145.82539820671082,735.3,1999.9
146.82601833343506,737.7,1999.9
147.82629656791687,739.9,1999.9
148.82686185836792,741.2,1999.9
149.82743167877197,742.8,1999.9
150.82789611816406,743.5,1999.9
151.82859539985657,745.8,1999.9
152.8291051387787,747.6,1999.9
153.8296399116516,749.2,1999.9
154.83037662506104,750.8,1999.9
155.83089971542358,753.1,1999.9
156.8314986228943,753.4,1999.9
157.8321361541748,757.7,1999.9
158.83283591270447,759.0,1999.9
159.8333716392517,760.6,1999.9
160.83409118652344,763.4,1999.9
161.83457589149475,766.0,1999.9
162.83531427383423,769.0,1999.9
163.83596920967102,771.0,1999.9
164.83667254447937,772.1,1999.9
165.83733677864075,774.0,1999.9
166.83808541297913,775.4,1999.9
167.83879828453064,776.9,1999.9
168.839369058609,778.9,1999.9
169.84022879600525,783.6,1999.9
170.84075260162354,786.2,1999.9
171.84126710891724,789.7,1999.9
172.84198427200317,791.0,1999.9
173.84249353408813,792.4,1999.9
174.84306144714355,795.2,1999.9
175.84354662895203,796.5,1999.9
176.8443706035614,797.2,1999.9
177.84464073181152,798.9,1999.9
178.84532761573792,801.6,1999.9
179.8460259437561,803.3,1999.9
180.84653615951538,806.5,1999.9
181.84729862213135,807.5,1999.9
182.84794902801514,809.4,1999.9
183.84848356246948,811.4,1999.9
184.8491985797882,813.9,1999.9
185.8497326374054,815.7,1999.9
186.8504195213318,818.8,1999.9
187.8508369922638,818.6,1999.9
188.85154700279236,822.1,1999.9
189.85201597213745,824.4,1999.9
190.85272645950317,824.9,1999.9
191.85323858261108,825.2,1999.9
192.8539435863495,827.4,1999.9
193.85469341278076,828.6,1999.9
194.8551800251007,830.4,1999.9
195.85567498207092,831.7,1999.9
196.85642528533936,833.7,1999.9
197.85695672035217,836.1,1999.9
198.85753631591797,838.0,1999.9
199.8582158088684,838.4,1999.9
200.85872197151184,838.7,1999.9
201.85926151275635,839.4,1999.9
202.8598349094391,840.7,1999.9
203.8603150844574,842.1,1999.9
204.8608157634735,841.7,1999.9
205.86138486862183,842.5,1999.9
206.8617708683014,843.8,1999.9
207.86236238479614,844.2,1999.9
208.86297607421875,844.8,1999.9
209.86333560943604,845.1,1999.9
210.86387491226196,846.1,1999.9
211.86440706253052,846.3,1999.9
212.86493158340454,847.2,1999.9
213.86546635627747,847.0,1999.9
214.86611223220825,847.2,1999.9
215.86654591560364,848.2,1999.9
216.86707520484924,848.7,1999.9
217.86780667304993,849.8,1999.9
218.86834955215454,850.2,1999.9
219.86890149116516,850.5,1999.9
220.86937427520752,850.9,1999.9
221.87011790275574,852.0,1999.9
222.87061023712158,851.8,1999.9
223.87113785743713,853.1,1999.9
224.87164306640625,854.3,1999.9
225.87219166755676,855.3,1999.9
226.87275385856628,856.0,1999.9
227.87327313423157,857.0,1999.9
228.87373208999634,858.3,1999.9
229.87440419197083,858.5,1999.9
230.87486696243286,860.5,1999.9
231.87537670135498,860.5,1999.9
232.87610697746277,861.5,1999.9
233.876624584198,861.8,1999.9
234.8772177696228,863.2,1999.9
235.8779366016388,864.5,1999.9
236.87840342521667,866.1,1999.9
237.87891697883606,867.2,1999.9
238.87962794303894,867.5,1999.9
239.88034343719482,868.8,1999.9
240.88104939460754,869.4,1999.9
241.88173913955688,871.0,1999.9
242.8821382522583,871.9,1999.9
243.8826310634613,874.2,1999.9
244.8833203315735,874.5,1999.9
245.8838620185852,874.6,1999.9
246.88453698158264,875.2,1999.9
247.88531827926636,876.0,1999.9
248.8857843875885,875.7,1999.9
249.88641166687012,876.8,1999.9
250.88699984550476,878.4,1999.9
251.88779020309448,879.0,1999.9
252.88831520080566,879.5,1999.9
253.88898944854736,880.1,1999.9
254.88969492912292,880.4,1999.9
255.89023399353027,881.7,1999.9
256.89092087745667,882.1,1999.9
257.89150166511536,882.3,1999.9
258.89217591285706,882.5,1999.9
259.8928744792938,883.8,1999.9
260.8934028148651,883.9,1999.9
261.8939383029938,885.8,1999.9
262.8946433067322,887.6,1999.9
263.8952307701111,889.4,1999.9
264.89589381217957,890.4,1999.9
265.8964502811432,891.3,1999.9
266.89717411994934,892.7,1999.9
267.89773535728455,893.0,1999.9
268.8983428478241,893.8,1999.9
269.89874792099,896.1,1999.9
270.8994035720825,896.8,1999.9
271.89994049072266,897.8,1999.9
272.9004566669464,899.2,1999.9
273.90127873420715,899.6,1999.9
274.90191531181335,900.8,1999.9
275.90260004997253,901.8,1999.9
276.90312671661377,902.5,1999.9
277.903874874115,903.0,1999.9
278.9044222831726,904.5,1999.9
279.9051122665405,905.9,1999.9
280.9057686328888,906.9,1999.9
281.9065320491791,907.8,1999.9
282.9072644710541,909.0,1999.9
283.907879114151,910.5,1999.9
284.90856432914734,911.6,1999.9
285.9091510772705,912.4,1999.9
286.9098300933838,913.7,1999.9
287.9103856086731,914.8,1999.9
288.9110538959503,915.6,1999.9
289.91259956359863,916.7,1999.9
290.91296911239624,918.1,1999.9
291.9135363101959,917.9,1999.9
292.9142310619354,919.5,1999.9
293.9147481918335,920.3,1999.9
294.9152727127075,920.1,1999.9
295.91581296920776,921.9,1999.9
296.9163453578949,922.0,1999.9
297.91706919670105,922.9,1999.9
298.91788697242737,923.3,1999.9
299.9184675216675,922.3,1999.9
300.9191656112671,922.9,1999.9
301.9198594093323,923.7,1999.9
302.9204041957855,923.3,1999.9
303.92096996307373,923.3,1999.9
304.921626329422,924.5,1999.9
305.9221704006195,925.5,1999.9
306.9226324558258,925.8,1999.9
307.92324471473694,928.2,1999.9
308.9239444732666,929.5,1999.9
309.92446541786194,929.6,1999.9
310.925009727478,928.3,1999.9
311.92553329467773,929.8,1999.9
312.92610216140747,930.2,1999.9
313.92695784568787,930.5,1999.9
314.92751908302307,931.1,1999.9
315.9280250072479,930.6,1999.9
316.92872524261475,930.6,1999.9
317.9292502403259,929.8,1999.9
318.929838180542,929.9,1999.9
319.93050265312195,930.3,1999.9
320.93100666999817,930.5,1999.9
321.9317491054535,930.8,1999.9
322.9322588443756,931.0,1999.9
323.93278789520264,930.9,1999.9
324.93350291252136,931.5,1999.9
325.93401885032654,930.8,1999.9
326.9344222545624,931.6,1999.9
327.9351272583008,931.9,1999.9
328.93582248687744,931.7,1999.9
329.93649411201477,933.1,1999.9
330.9370741844177,934.1,1999.9
331.9376437664032,934.6,1999.9
332.938303232193,935.6,1999.9
333.93884444236755,935.7,1999.9
334.9395306110382,935.3,1999.9
335.9398822784424,935.5,1999.9
336.9403712749481,935.1,1999.9
337.94093799591064,935.1,1999.9
338.94169092178345,935.0,1999.9
339.9423391819,935.2,1999.9
340.9430902004242,936.2,1999.9
341.9437458515167,935.6,1999.9
342.94451928138733,937.9,1999.9
343.94533920288086,937.6,1999.9
344.9460515975952,937.8,1999.9
345.9467496871948,939.2,1999.9
346.94750571250916,939.2,1999.9
347.94816756248474,940.6,1999.9
348.94888615608215,941.5,1999.9
349.9494948387146,942.3,1999.9
350.95009660720825,943.0,1999.9
351.9507830142975,944.2,1999.9
352.9515244960785,943.3,1999.9
353.9521601200104,943.9,1999.9
354.9529230594635,944.7,1999.9
355.9536645412445,946.3,1999.9
356.9543673992157,947.0,1999.9
357.9550347328186,947.8,1999.9
358.9557673931122,948.2,1999.9
359.9562773704529,947.9,1999.9
360.9568250179291,947.9,1999.9
361.957567691803,948.3,1999.9
362.95822739601135,948.7,1999.9
363.9589285850525,949.1,1999.9
364.9596371650696,950.3,1999.9
365.9601819515228,951.1,1999.9
366.9607107639313,952.7,1999.9
367.9614448547363,952.9,1999.9
368.9619460105896,952.6,1999.9
369.9626739025116,952.8,1999.9
370.96318101882935,953.5,1999.9
371.9638783931732,954.4,1999.9
372.9644455909729,953.2,1999.9
373.96515226364136,952.3,1999.9
374.96570229530334,954.3,1999.9
375.96618032455444,953.3,1999.9
376.9667263031006,954.0,1999.9
377.9673023223877,954.3,1999.9
378.96797490119934,954.5,1999.9
379.96849393844604,954.4,1999.9
380.9692175388336,954.4,1999.9
381.96978878974915,954.5,1999.9
382.97027468681335,956.2,1999.9
383.97096371650696,955.8,1999.9
384.9714057445526,955.7,1999.9
385.9720633029938,955.6,1999.9
386.97260785102844,955.9,1999.9
387.9729540348053,956.4,1999.9
388.9734480381012,957.3,1999.9
389.97401690483093,958.0,1999.9
390.97451519966125,957.9,1999.9
391.9751310348511,957.5,1999.9
392.9756200313568,957.7,1999.9
393.9761242866516,958.1,1999.9
394.9767436981201,958.3,1999.9
395.97742891311646,958.4,1999.9
396.9780991077423,959.6,1999.9
397.9788053035736,959.5,1999.9
398.97938990592957,960.7,1999.9
399.97977089881897,961.0,1999.9
400.9806008338928,961.4,1999.9
401.98117327690125,961.3,1999.9
402.9816257953644,962.0,1999.9
403.98235607147217,964.1,1999.9
404.9828760623932,962.7,1999.9
405.98338079452515,964.1,1999.9
406.9841070175171,965.6,1999.9
407.9845974445343,966.4,1999.9
408.9852981567383,966.3,1999.9
409.98604941368103,967.4,1999.9
410.9866044521332,968.7,1999.9
411.9872028827667,969.5,1999.9
412.9877152442932,968.2,1999.9
413.98819732666016,969.5,1999.9
414.9889042377472,970.3,1999.9
415.9896113872528,969.6,1999.9
416.9901614189148,969.6,1999.9
417.990660905838,970.1,1999.9
418.99142932891846,969.7,1999.9
419.99191999435425,970.4,1999.9
420.9924614429474,971.3,1999.9
421.9931700229645,972.5,1999.9
422.9936785697937,974.4,1999.9
423.99440026283264,975.6,1999.9
424.9952509403229,976.1,1999.9
425.9959704875946,977.5,1999.9
426.9966998100281,976.9,1999.9
427.9974570274353,977.2,1999.9
428.998099565506,977.5,1999.9
429.9987642765045,977.9,1999.9
430.99951124191284,977.6,1999.9
432.0001881122589,978.6,1999.9
433.0008924007416,978.4,1999.9
434.0016553401947,977.4,1999.9
435.0023214817047,978.5,1999.9
436.0031270980835,978.5,1999.9
437.00374484062195,978.1,1999.9
438.0044422149658,977.6,1999.9
439.0051019191742,978.1,1999.9
440.00598311424255,977.9,1999.9
441.0065190792084,977.1,1999.9
442.0074772834778,976.4,1999.9
443.0081522464752,977.1,1999.9
444.00885915756226,977.0,1999.9
445.0095405578613,977.7,1999.9
446.0103087425232,978.2,1999.9
447.01078248023987,978.2,1999.9
448.0115168094635,978.7,1999.9
449.012225151062,979.7,1999.9
450.0129280090332,980.2,1999.9
451.01349925994873,980.8,1999.9
452.0142111778259,982.1,1999.9
453.0148546695709,980.9,1999.9
454.01535272598267,981.2,1999.9
455.01607370376587,981.1,1999.9
456.0165922641754,980.5,1999.9
457.01732659339905,980.7,1999.9
458.0180084705353,980.7,1999.9
459.01870226860046,980.3,1999.9
460.0194957256317,980.2,1999.9
461.02011346817017,981.7,1999.9
462.0206527709961,981.5,1999.9
463.02138662338257,982.6,1999.9
464.02215576171875,983.7,1999.9
465.0227882862091,983.9,1999.9
466.0233962535858,984.4,1999.9
467.0242040157318,984.8,1999.9
468.02472615242004,985.5,1999.9
469.0254466533661,985.7,1999.9
470.0263216495514,987.0,1999.9
471.0269057750702,986.8,1999.9
472.0276563167572,987.4,1999.9
473.0282826423645,988.1,1999.9
474.02899193763733,987.7,1999.9
475.0297381877899,988.1,1999.9
476.03061723709106,987.4,1999.9
477.03113055229187,987.5,1999.9
478.03178334236145,987.7,1999.9
479.0325036048889,988.3,1999.9
480.03303623199463,988.1,1999.9
481.03371262550354,988.2,1999.9
482.03442096710205,987.6,1999.9
483.0351474285126,988.7,1999.9
484.03589367866516,988.6,1999.9
485.03657364845276,989.3,1999.9
486.03715467453003,991.0,1999.9
487.0378360748291,991.6,1999.9
488.0385000705719,993.1,1999.9
489.039035320282,994.6,1999.9
490.0397572517395,995.3,1999.9
491.04025745391846,995.2,1999.9
492.0409743785858,996.4,1999.9
493.04144644737244,996.9,1999.9
494.0420982837677,997.8,1999.9
495.0427496433258,998.1,1999.9
496.04328179359436,998.8,1999.9
497.04382133483887,997.7,1999.9
498.0443503856659,998.6,1999.9
499.0450448989868,999.6,1999.9
500.04578375816345,999.9,1999.9
501.04631423950195,999.9,1999.9
502.0468544960022,999.9,1999.9
503.0474696159363,999.9,1999.9
504.04829239845276,999.9,1999.9
505.0487947463989,999.9,1999.9
506.04933428764343,999.9,1999.9
507.05002188682556,999.9,1999.9
508.05070400238037,999.9,1999.9
509.05142307281494,999.9,1999.9
510.0519428253174,999.9,1999.9
511.05249428749084,999.9,1999.9
512.0531504154205,999.9,1999.9
513.0536317825317,999.9,1999.9
514.0543041229248,999.9,1999.9
515.0547368526459,999.9,1999.9
516.0555367469788,999.9,1999.9
517.0560636520386,999.9,1999.9
518.0565886497498,999.9,1999.9
519.0573260784149,999.5,1999.9
520.057904958725,999.8,1999.9
521.0583610534668,999.2,1999.9
522.0588903427124,998.5,1999.9
523.0592522621155,997.6,1999.9
524.0597825050354,997.2,1999.9
525.0603613853455,996.8,1999.9
526.0608885288239,996.1,1999.9
527.0616316795349,996.3,1999.9
528.0621211528778,996.2,1999.9
529.0626800060272,994.7,1999.9
530.0633499622345,993.1,1999.9
531.0640647411346,992.8,1999.9
532.0645802021027,992.3,1999.9
533.0653023719788,991.9,1999.9
534.0658419132233,992.4,1999.9
535.0665962696075,992.4,1999.9
536.0670261383057,992.0,1999.9
537.067679643631,991.2,1999.9
538.0683290958405,990.6,1999.9
539.0690267086029,989.6,1999.9
540.0707440376282,989.3,1999.9
541.071460723877,988.4,1999.9
542.0721690654755,988.9,1999.9
543.072865486145,989.5,1999.9
544.0735800266266,989.5,1999.9
545.0742206573486,989.3,1999.9
546.074798822403,989.7,1999.9
547.0754959583282,989.3,1999.9
548.0762088298798,990.4,1999.9
549.0768992900848,990.3,1999.9
550.0776765346527,990.7,1999.9
551.0784890651703,991.6,1999.9
552.0790905952454,991.3,1999.9
553.0797483921051,991.9,1999.9
554.0806112289429,991.9,1999.9
555.081193447113,992.8,1999.9
556.0820124149323,992.2,1999.9
557.0827434062958,992.5,1999.9
558.08345079422,992.2,1999.9
559.0841119289398,992.5,1999.9
560.0846464633942,993.4,1999.9
561.0853433609009,994.1,1999.9
562.0859537124634,995.7,1999.9
563.0865981578827,996.1,1999.9
564.0872645378113,996.8,1999.9
565.087865114212,996.6,1999.9
566.0885570049286,996.0,1999.9
567.0891168117523,996.4,1999.9
568.0896389484406,996.8,1999.9
569.0903341770172,997.8,1999.9
570.0908851623535,998.0,1999.9
571.0915915966034,999.4,1999.9
572.092123746872,998.6,1999.9
573.0928213596344,998.9,1999.9
574.0934274196625,998.6,1999.9
575.0941052436829,998.6,1999.9
576.0946416854858,999.1,1999.9
577.0951642990112,999.9,1999.9
578.095892906189,999.9,1999.9
579.0965700149536,999.9,1999.9
580.097326040268,999.9,1999.9
581.0979671478271,999.9,1999.9
582.0985033512115,999.9,1999.9
583.09903216362,999.9,1999.9
584.0997722148895,999.9,1999.9
585.1002759933472,999.9,1999.9
586.1008248329163,999.9,1999.9
587.1015558242798,999.9,1999.9
588.102059841156,999.9,1999.9
589.102600812912,999.9,1999.9
590.1032812595367,999.9,1999.9
591.103994846344,999.9,1999.9
592.1045515537262,999.9,1999.9
593.1052668094635,999.9,1999.9
594.1057958602905,999.9,1999.9
595.1063318252563,999.9,1999.9
596.1070268154144,999.9,1999.9
597.10759973526,999.9,1999.9
598.1083097457886,999.9,1999.9
599.1089925765991,999.9,1999.9
600.1096785068512,999.9,1999.9
601.1102368831635,999.9,1999.9
602.1109099388123,999.9,1999.9
603.1115119457245,999.9,1999.9
604.1121587753296,999.9,1999.9
605.1128826141357,999.9,1999.9
606.1133952140808,999.9,1999.9
607.1139965057373,999.9,1999.9
608.1146478652954,999.9,1999.9
609.1152193546295,999.9,1999.9
610.1158766746521,999.9,1999.9
611.1166121959686,999.9,1999.9
612.117050409317,999.9,1999.9
613.1179382801056,999.9,1999.9
614.11851811409,999.9,1999.9
615.119030714035,999.9,1999.9
616.119743347168,999.9,1999.9
617.1206102371216,999.9,1999.9
618.1213307380676,999.9,1999.9
619.1220991611481,999.9,1999.9
620.1229298114777,999.9,1999.9
621.1236174106598,999.9,1999.9
622.124338388443,999.9,1999.9
623.1250431537628,999.9,1999.9
624.1257286071777,999.9,1999.9
625.1264584064484,999.9,1999.9
626.1272428035736,999.9,1999.9
627.1279706954956,999.9,1999.9
628.1283991336823,999.9,1999.9
629.1293189525604,999.9,1999.9
630.12997174263,999.9,1999.9
631.1307315826416,999.9,1999.9
632.1313946247101,999.9,1999.9
633.1321280002594,999.9,1999.9
634.1328032016754,999.9,1999.9
635.1335349082947,999.9,1999.9
636.1342842578888,999.9,1999.9
637.1348233222961,999.9,1999.9
638.135656118393,999.9,1999.9
639.1361465454102,999.9,1999.9
640.1367199420929,999.9,1999.9
641.1375124454498,999.9,1999.9
642.1379795074463,999.9,1999.9
643.1388556957245,999.9,1999.9
644.1395165920258,999.9,1999.9
645.1402108669281,999.9,1999.9
646.1409676074982,999.9,1999.9
647.1416213512421,999.9,1999.9
648.1423900127411,999.9,1999.9
649.14288854599,999.9,1999.9
650.1435749530792,999.9,1999.9
651.1440920829773,999.9,1999.9
652.1446390151978,999.9,1999.9
653.1451885700226,999.9,1999.9
654.1458842754364,999.9,1999.9
655.1465017795563,999.9,1999.9
656.1473813056946,999.9,1999.9
657.1479370594025,999.9,1999.9
658.1485345363617,999.9,1999.9
659.1492736339569,999.9,1999.9
660.1499998569489,999.9,1999.9
661.1505064964294,999.9,1999.9
662.1513378620148,999.9,1999.9
663.1520864963531,998.7,1999.9
664.1526260375977,998.1,1999.9
665.153470993042,996.8,1999.9
666.1541919708252,996.7,1999.9
667.1548960208893,995.6,1999.9
668.1557867527008,995.5,1999.9
669.1564502716064,994.4,1999.9
670.1572568416595,993.5,1999.9
671.1578896045685,992.7,1999.9
672.1585822105408,992.1,1999.9
673.159334897995,991.1,1999.9
674.1600041389465,991.5,1999.9
675.1607096195221,990.9,1999.9
676.1614074707031,990.4,1999.9
677.1621096134186,989.7,1999.9
678.162919998169,988.6,1999.9
679.163557767868,988.0,1999.9
680.1642348766327,987.3,1999.9
681.1647684574127,986.7,1999.9
682.1654787063599,985.3,1999.9
683.1661784648895,984.2,1999.9
684.1668953895569,983.9,1999.9
685.167730808258,983.8,1999.9
686.1684732437134,982.6,1999.9
687.1691160202026,981.6,1999.9
688.1697962284088,980.9,1999.9
689.1704573631287,981.6,1999.9
690.1711699962616,981.0,1999.9
691.1718802452087,980.4,1999.9
692.1725721359253,979.0,1999.9
693.1731104850769,979.6,1999.9
694.1738092899323,979.1,1999.9
695.1745140552521,979.0,1999.9
696.1752259731293,977.5,1999.9
697.1761388778687,977.7,1999.9
698.1768159866333,977.2,1999.9
699.1775596141815,977.0,1999.9
700.1782386302948,976.9,1999.9
701.1789381504059,976.2,1999.9
702.1800050735474,976.2,1999.9
703.1801471710205,975.8,1999.9
704.1808485984802,973.4,1999.9
705.1813921928406,972.7,1999.9
706.182116985321,972.5,1999.9
707.1827960014343,972.2,1999.9
708.183566570282,972.0,1999.9
709.1842427253723,971.1,1999.9
710.1851215362549,970.5,1999.9
711.1858062744141,969.6,1999.9
712.1865236759186,968.9,1999.9
713.1873261928558,969.3,1999.9
714.1879234313965,968.1,1999.9
715.1886339187622,967.0,1999.9
716.1895573139191,966.2,1999.9
717.19007563591,965.7,1999.9
718.19078373909,964.5,1999.9
719.1914732456207,963.6,1999.9
720.1921663284302,962.5,1999.9
721.1926913261414,960.6,1999.9
722.1934087276459,961.1,1999.9
723.1940996646881,960.1,1999.9
724.194828748703,958.9,1999.9
725.1955473423004,959.1,1999.9
726.1962807178497,959.1,1999.9
727.1969256401062,957.5,1999.9
728.1977529525757,956.9,1999.9
729.1983454227448,955.9,1999.9
730.199090719223,955.3,1999.9
731.1997907161713,954.6,1999.9
732.2004461288452,953.6,1999.9
733.2012178897858,953.2,1999.9
734.2018933296204,954.3,1999.9
735.2026114463806,953.7,1999.9
736.203284740448,952.5,1999.9
737.2040221691132,951.2,1999.9
738.2047202587128,950.3,1999.9
739.2054076194763,949.5,1999.9
740.2060096263885,949.6,1999.9
741.2066478729248,948.7,1999.9
742.2074372768402,949.0,1999.9
743.2080628871918,948.5,1999.9
744.2086222171783,948.9,1999.9
745.2093205451965,948.9,1999.9
746.210040807724,949.2,1999.9
747.2106721401215,948.2,1999.9
748.2113943099976,947.7,1999.9
749.2121300697327,946.5,1999.9
750.212824344635,945.8,1999.9
751.2135171890259,946.1,1999.9
752.2142314910889,944.8,1999.9
753.2149186134338,944.5,1999.9
754.2156476974487,944.3,1999.9
755.2165062427521,942.7,1999.9
756.2173364162445,940.8,1999.9
757.2179982662201,941.6,1999.9
758.2186322212219,941.4,1999.9
759.219388961792,940.8,1999.9
760.2200920581818,940.0,1999.9
761.2207841873169,939.0,1999.9
762.2214829921722,938.7,1999.9
763.2220418453217,937.7,1999.9
764.222898721695,936.6,1999.9
765.2236099243164,935.0,1999.9
766.224324464798,934.0,1999.9
767.2251801490784,934.8,1999.9
768.225902557373,934.4,1999.9
769.2264308929443,934.5,1999.9
770.2273726463318,933.3,1999.9
771.2280759811401,932.3,1999.9
772.2287819385529,930.9,1999.9
773.2294631004333,930.7,1999.9
774.2301588058472,929.3,1999.9
775.2308976650238,928.1,1999.9
776.2315833568573,926.9,1999.9
777.2323276996613,927.2,1999.9
778.2329678535461,926.2,1999.9
779.2338533401489,924.7,1999.9
780.2345671653748,924.8,1999.9
781.2351186275482,925.2,1999.9
782.2358186244965,924.4,1999.9
783.236563205719,923.0,1999.9
784.2372620105743,922.2,1999.9
785.2379965782166,920.8,1999.9
786.2384693622589,920.8,1999.9
787.2390122413635,919.2,1999.9
788.2397289276123,918.6,1999.9
789.2404272556305,918.8,1999.9
790.2419831752777,917.9,1999.9
791.2426793575287,917.3,1999.9
792.2434022426605,915.9,1999.9
793.2439277172089,915.2,1999.9
794.2446219921112,914.7,1999.9
795.2453484535217,914.1,1999.9
796.2458643913269,914.2,1999.9
797.2465970516205,911.6,1999.9
798.2470870018005,910.1,1999.9
799.2478523254395,908.9,1999.9
800.248500585556,907.8,1999.9
801.2492074966431,908.0,1999.9
802.2499332427979,906.9,1999.9
803.2507998943329,905.9,1999.9
804.2514955997467,905.3,1999.9
805.2520437240601,904.1,1999.9
806.2528729438782,903.1,1999.9
807.253630399704,901.1,1999.9
808.2543449401855,900.7,1999.9
809.2550098896027,900.1,1999.9
810.2555909156799,898.7,1999.9
811.2561466693878,897.9,1999.9
812.2566435337067,897.8,1999.9
813.257001876831,897.3,1999.9
814.2575244903564,896.6,1999.9
815.2581515312195,896.3,1999.9
816.2586514949799,895.5,1999.9
817.259222984314,893.3,1999.9
818.2598812580109,891.6,1999.9
819.2604172229767,890.0,1999.9
820.260950088501,890.2,1999.9
821.2616498470306,889.5,1999.9
822.2621922492981,889.0,1999.9
823.2629551887512,888.5,1999.9
824.2634201049805,887.0,1999.9
825.2639544010162,887.1,1999.9
826.2646551132202,886.1,1999.9
827.2653555870056,886.3,1999.9
828.2660794258118,886.0,1999.9
829.2666256427765,884.7,1999.9
830.2673764228821,885.4,1999.9
831.2678470611572,884.3,1999.9
832.2683708667755,885.2,1999.9
833.2690849304199,885.3,1999.9
834.2696559429169,884.6,1999.9
835.2701597213745,884.5,1999.9
836.2708837985992,884.2,1999.9
837.2714269161224,884.2,1999.9
838.272120475769,883.9,1999.9
839.2728147506714,884.1,1999.9
840.2735331058502,883.5,1999.9
841.274258852005,881.8,1999.9
842.2749273777008,881.0,1999.9
843.2756328582764,880.9,1999.9
844.2762820720673,879.6,1999.9
845.2770459651947,879.4,1999.9
846.2776534557343,879.5,1999.9
847.2781052589417,880.2,1999.9
848.2789790630341,879.6,1999.9
849.2795486450195,879.1,1999.9
850.2800803184509,877.2,1999.9
851.2807874679565,876.3,1999.9
852.2813355922699,876.9,1999.9
853.2820038795471,877.2,1999.9
854.2825498580933,877.7,1999.9
855.2832553386688,877.2,1999.9
856.2839479446411,876.0,1999.9
857.2846367359161,876.3,1999.9
858.2854444980621,875.6,1999.9
859.2859179973602,875.7,1999.9
860.2866883277893,873.8,1999.9
861.2872128486633,873.6,1999.9
862.287740945816,871.1,1999.9
863.2884175777435,868.5,1999.9
864.2889695167542,868.0,1999.9
865.2896637916565,868.1,1999.9
866.2902655601501,867.3,1999.9
867.2909321784973,866.9,1999.9
868.291624546051,865.1,1999.9
869.292320728302,864.9,1999.9
870.2928628921509,865.3,1999.9
871.2935590744019,863.9,1999.9
872.294272184372,863.4,1999.9
873.2950086593628,862.0,1999.9
874.2956519126892,861.9,1999.9
875.2963745594025,861.0,1999.9
876.2969424724579,859.7,1999.9
877.2976596355438,859.0,1999.9
878.2983119487762,858.4,1999.9
879.2990093231201,857.2,1999.9
880.2997288703918,857.4,1999.9
881.3003180027008,856.7,1999.9
882.3008215427399,855.6,1999.9
883.3013265132904,853.8,1999.9
884.3020329475403,852.6,1999.9
885.3027255535126,852.5,1999.9
886.3032395839691,852.4,1999.9
887.303953409195,851.1,1999.9
888.3045177459717,850.9,1999.9
889.3050835132599,850.1,1999.9
890.3057610988617,849.8,1999.9
891.3064658641815,849.1,1999.9
892.3069727420807,849.4,1999.9
893.3077211380005,849.6,1999.9
894.3084070682526,848.8,1999.9
895.3089439868927,847.7,1999.9
896.3096625804901,847.7,1999.9
897.3102407455444,847.7,1999.9
898.310774564743,848.2,1999.9
899.3114111423492,848.0,1999.9
900.3121316432953,846.7,1999.9
901.3126714229584,846.9,1999.9
902.3133771419525,847.3,1999.9
903.3140828609467,846.6,1999.9
904.3147594928741,846.6,1999.9
905.3155241012573,846.7,1999.9
906.3160469532013,847.1,1999.9
907.3167018890381,846.4,1999.9
908.317488193512,846.0,1999.9
909.3181397914886,845.5,1999.9
910.3186948299408,844.9,1999.9
911.3193747997284,845.4,1999.9
912.3201773166656,844.7,1999.9
913.3207848072052,844.8,1999.9
914.3215186595917,843.4,1999.9
915.3222117424011,841.6,1999.9
916.3229019641876,841.0,1999.9
917.323793888092,839.7,1999.9
918.3245234489441,838.0,1999.9
919.325217962265,836.6,1999.9
920.3259792327881,836.6,1999.9
921.3266234397888,836.1,1999.9
922.3273921012878,836.0,1999.9
923.328027009964,835.7,1999.9
924.3288023471832,835.9,1999.9
925.3296346664429,835.3,1999.9
926.3302438259125,834.1,1999.9
927.3310344219208,833.2,1999.9
928.3317515850067,831.4,1999.9
929.3326461315155,831.6,1999.9
930.3331341743469,829.9,1999.9
931.3338296413422,829.9,1999.9
932.3345537185669,829.2,1999.9
933.3350963592529,828.4,1999.9
934.3358221054077,827.9,1999.9
935.336671590805,826.8,1999.9
936.3372814655304,825.5,1999.9
937.3379242420197,825.2,1999.9
938.3386363983154,824.2,1999.9
939.3395051956177,824.0,1999.9
940.3402736186981,823.1,1999.9
941.3409767150879,823.3,1999.9
942.3416857719421,822.5,1999.9
943.3425757884979,821.7,1999.9
944.3432333469391,820.9,1999.9
945.3439588546753,820.9,1999.9
946.3446485996246,819.6,1999.9
947.3453481197357,820.1,1999.9
948.3460576534271,820.3,1999.9
949.3466064929962,820.5,1999.9
950.3473522663116,819.0,1999.9
951.3480131626129,817.8,1999.9
952.3485496044159,816.6,1999.9
953.3495004177094,816.0,1999.9
954.3501532077789,814.6,1999.9
955.3510444164276,813.4,1999.9
956.3515403270721,812.5,1999.9
957.3520698547363,811.4,1999.9
958.3527643680573,811.1,1999.9
959.3535010814667,808.9,1999.9
960.3539688587189,808.6,1999.9
961.3547358512878,807.9,1999.9
962.3554470539093,807.6,1999.9
963.3561551570892,807.3,1999.9
964.3565938472748,806.5,1999.9
965.3574442863464,805.1,1999.9
966.3581092357635,803.8,1999.9
967.359016418457,803.1,1999.9
968.3596901893616,803.7,1999.9
969.3604323863983,802.9,1999.9
970.3611154556274,802.6,1999.9
971.3618395328522,799.7,1999.9
972.3625364303589,798.2,1999.9
973.3632061481476,797.0,1999.9
974.3639106750488,797.3,1999.9
975.364499092102,797.7,1999.9
976.3652262687683,797.2,1999.9
977.3658895492554,796.0,1999.9
978.3666348457336,795.7,1999.9
979.3672733306885,795.3,1999.9
980.3678684234619,794.8,1999.9
981.3685567378998,794.8,1999.9
982.3691396713257,793.6,1999.9
983.3698198795319,791.3,1999.9
984.370297908783,790.8,1999.9
985.371054649353,790.1,1999.9
986.3716278076172,790.9,1999.9
987.3725128173828,790.1,1999.9
988.3731331825256,789.4,1999.9
989.3740043640137,789.6,1999.9
990.3747131824493,788.8,1999.9
991.375412940979,788.2,1999.9
992.3761315345764,787.6,1999.9
993.3768358230591,787.7,1999.9
994.3776066303253,787.3,1999.9
995.3782818317413,786.6,1999.9
996.3789596557617,786.6,1999.9
997.3796586990356,785.7,1999.9
998.3803560733795,784.0,1999.9
999.3808968067169,783.8,1999.9
1000.3816347122192,783.9,1999.9
1001.3823277950287,782.8,1999.9
1002.382833480835,782.8,1999.9
1003.3835341930389,782.9,1999.9
1004.3844530582428,783.1,1999.9
1005.3851375579834,781.9,1999.9
1006.3856554031372,782.1,1999.9
1007.3864047527313,782.5,1999.9
1008.3870675563812,780.5,1999.9
1009.3876719474792,779.8,1999.9
1010.3883202075958,779.3,1999.9
1011.3888413906097,778.9,1999.9
1012.3895156383514,778.8,1999.9
1013.3902778625488,780.0,1999.9
1014.390650510788,779.4,1999.9
1015.3913774490356,779.2,1999.9
1016.3920493125916,778.5,1999.9
1017.3927402496338,778.3,1999.9
1018.3932719230652,777.9,1999.9
1019.3939747810364,775.4,1999.9
1020.3946943283081,775.8,1999.9
1021.3952679634094,775.0,1999.9
1022.3962986469269,773.0,1999.9
1023.3968245983124,772.2,1999.9
1024.397442817688,771.4,1999.9
1025.398042678833,769.8,1999.9
1026.3987665176392,770.1,1999.9
1027.3992838859558,770.0,1999.9
1028.4000368118286,768.7,1999.9
1029.4006435871124,767.5,1999.9
1030.4014327526093,765.7,1999.9
1031.4021718502045,768.2,1999.9
1032.4028384685516,767.9,1999.9
1033.4033553600311,767.1,1999.9
1034.404054403305,764.7,1999.9
1035.4045825004578,763.5,1999.9
1036.405301809311,761.7,1999.9
1037.4060192108154,760.9,1999.9
1038.4065763950348,762.3,1999.9
1039.4073190689087,761.8,1999.9
1040.4090349674225,761.3,1999.9
1041.4097366333008,760.3,1999.9
1042.410427570343,760.8,1999.9
1043.4111289978027,760.2,1999.9
1044.411695241928,759.7,1999.9
1045.4123866558075,759.6,1999.9
1046.4130680561066,759.3,1999.9
1047.413634300232,758.3,1999.9
1048.4143087863922,757.9,1999.9
1049.415048122406,757.7,1999.9
1050.4156274795532,757.1,1999.9
1051.4162592887878,756.3,1999.9
1052.416984319687,756.3,1999.9
1053.4175732135773,756.6,1999.9
1054.4181962013245,755.4,1999.9
1055.418974161148,757.1,1999.9
1056.419632434845,756.3,1999.9
1057.420326948166,754.8,1999.9
1058.4210340976715,755.1,1999.9
1059.4217035770416,755.0,1999.9
1060.4224824905396,754.9,1999.9
1061.4231741428375,752.6,1999.9
1062.423884153366,751.1,1999.9
1063.4245643615723,750.0,1999.9
1064.4251039028168,750.4,1999.9
1065.4258041381836,749.8,1999.9
1066.4263546466827,749.6,1999.9
1067.427048444748,747.0,1999.9
1068.4277877807617,746.1,1999.9
1069.4283101558685,745.2,1999.9
1070.429041147232,744.0,1999.9
1071.429524898529,744.1,1999.9
1072.430225610733,741.5,1999.9
1073.4309513568878,740.5,1999.9
1074.4314844608307,739.5,1999.9
1075.4321885108948,737.9,1999.9
1076.4327564239502,737.5,1999.9
1077.4334762096405,736.7,1999.9
1078.4342164993286,735.7,1999.9
1079.4348638057709,735.5,1999.9
1080.4354376792908,734.3,1999.9
1081.4360909461975,733.6,1999.9
1082.4368171691895,732.6,1999.9
1083.4373741149902,730.5,1999.9
1084.437872171402,729.1,1999.9
1085.438616991043,729.2,1999.9
1086.4391648769379,728.5,1999.9
1087.4398126602173,727.9,1999.9
1088.440533399582,727.9,1999.9
1089.4410736560822,727.3,1999.9
1090.441591501236,726.1,1999.9
1091.4423055648804,724.5,1999.9
1092.4430139064789,724.7,1999.9
1093.443724155426,724.5,1999.9
1094.4444286823273,723.8,1999.9
1095.4449944496155,722.8,1999.9
1096.4454979896545,721.9,1999.9
1097.4462132453918,721.6,1999.9
1098.4467442035675,721.1,1999.9
1099.447326183319,721.6,1999.9
1100.4477994441986,721.0,1999.9
1101.4483122825623,719.2,1999.9
1102.4488732814789,718.1,1999.9
1103.4494540691376,716.0,1999.9
1104.4499652385712,715.6,1999.9
1105.4504868984222,715.2,1999.9
1106.4512298107147,713.7,1999.9
1107.4517664909363,713.9,1999.9
1108.4522676467896,713.7,1999.9
1109.452972650528,713.2,1999.9
1110.4535055160522,713.7,1999.9
1111.4538295269012,712.9,1999.9
1112.454406261444,712.5,1999.9
1113.4549624919891,712.4,1999.9
1114.4556438922882,710.9,1996.9
1115.456215620041,710.2,1994.4
1116.456909418106,708.8,1994.2
1117.457534313202,709.1,1988.7
1118.4581515789032,707.2,1986.6
1119.4586803913116,706.7,1984.4
1120.4592459201813,705.6,1980.8
1121.4599254131317,706.5,1978.4
1122.4602935314178,705.9,1978.6
1123.4608840942383,705.3,1976.9
1124.4615459442139,703.2,1969.4
1125.462266921997,702.5,1967.9
1126.4629480838776,702.5,1965.0
1127.4636800289154,703.6,1961.7
1128.46439743042,702.6,1957.4
1129.4648976325989,702.1,1958.7
1130.465631723404,701.4,1953.9
1131.4663345813751,701.8,1949.2
1132.467039346695,701.7,1948.4
1133.4679086208344,703.2,1946.9
1134.4685990810394,702.8,1943.4
1135.4692721366882,702.0,1934.8
1136.4700655937195,702.7,1932.2
1137.4707198143005,701.9,1931.7
1138.4712493419647,700.5,1927.1
1139.471973657608,700.5,1927.5
1140.4726748466492,698.4,1925.0
1141.4732072353363,697.9,1920.0
1142.4739079475403,696.0,1916.4
1143.4745469093323,694.9,1911.5
1144.4751727581024,696.4,1914.3
1145.4758548736572,694.7,1909.6
1146.4765677452087,693.5,1908.2
1147.4773271083832,692.7,1906.5
1148.478057384491,693.5,1903.0
1149.4785363674164,691.8,1896.1
1150.4793241024017,691.1,1893.3
1151.4799599647522,690.0,1889.6
1152.4806728363037,688.5,1885.2
1153.48118019104,687.2,1879.9
1154.4818816184998,687.0,1877.6
1155.4825847148895,687.0,1874.9
1156.48330950737,686.0,1868.6
1157.4840042591095,683.7,1864.0
1158.484444141388,683.1,1860.2
1159.4852464199066,681.0,1855.5
1160.485952615738,680.4,1849.6
1161.4864315986633,679.6,1843.6
1162.4872703552246,679.1,1836.2
1163.487773656845,677.1,1826.8
1164.4882853031158,675.8,1824.1
1165.4888157844543,675.1,1823.2
1166.4894325733185,671.9,1815.7
1167.4900755882263,670.4,1810.5
1168.4905934333801,669.4,1807.9
1169.4913203716278,667.2,1798.7
1170.4918348789215,666.2,1795.7
1171.4925498962402,666.1,1795.0
1172.493263244629,666.1,1787.8
1173.4937863349915,665.8,1781.5
1174.494487285614,664.8,1776.6
1175.4950304031372,666.4,1771.7
1176.4957628250122,666.2,1768.8
1177.4962449073792,665.4,1765.8
1178.496860742569,662.7,1760.9
1179.4973855018616,662.0,1761.7
1180.4980161190033,660.0,1754.9
1181.4985818862915,659.3,1749.1
1182.4993455410004,659.4,1745.6
1183.4998214244843,659.9,1747.4
1184.5003666877747,659.0,1744.4
1185.5008714199066,657.9,1739.4
1186.501632452011,658.0,1736.6
1187.502132177353,657.8,1734.6
1188.502657175064,656.3,1733.6
1189.5032255649567,655.0,1728.2
1190.503717660904,653.3,1727.9
1191.5043077468872,652.7,1722.9
1192.5048015117645,651.7,1720.4
1193.5055088996887,652.9,1722.9
1194.5060632228851,653.1,1724.8
1195.5065944194794,651.4,1720.1
1196.5074181556702,648.6,1714.2
1197.5079057216644,646.1,1707.5
1198.5083632469177,643.9,1698.3
1199.5089120864868,642.0,1691.7
1200.5094468593597,638.0,1676.4
1201.509962797165,633.9,1664.0
1202.510710477829,629.0,1651.2
1203.511281967163,624.2,1636.7
1204.5115950107574,618.5,1619.3
1205.5121200084686,609.8,1601.4
1206.5126583576202,603.8,1581.8
1207.5131793022156,596.1,1563.4
1208.5135984420776,589.9,1546.7
1209.5140545368195,581.5,1521.6
1210.5144839286804,574.1,1504.9
1211.5151822566986,565.3,1484.4
1212.5157334804535,556.0,1460.9
1213.5162410736084,546.4,1436.8
1214.5167787075043,537.0,1411.6
1215.5175287723541,527.1,1386.3
1216.5180172920227,516.4,1362.1
1217.5185811519623,505.9,1332.3
1218.5190916061401,495.7,1306.2
1219.5196251869202,486.0,1278.0
1220.520357131958,477.5,1250.0
1221.5206906795502,465.2,1221.3
1222.521291255951,454.9,1193.3
1223.5217776298523,441.5,1160.5
1224.5223317146301,429.1,1129.8
1225.5228629112244,419.0,1101.5
1226.5235867500305,409.0,1075.2
1227.5239264965057,398.9,1047.1
1228.5244736671448,388.3,1021.8
1229.5251693725586,378.2,998.2
1230.5255212783813,369.0,977.4
1231.5260603427887,358.8,953.6
1232.5267651081085,349.5,931.4
1233.5272846221924,338.9,911.1
1234.5283036231995,328.4,888.8
1235.5284476280212,318.8,868.8
1236.5289227962494,309.4,848.5
1237.5292897224426,301.7,828.8
1238.5300014019012,292.6,806.4
1239.530514717102,286.3,793.7
1240.5310745239258,279.9,776.3
1241.5317792892456,273.1,759.3
1242.5323057174683,266.3,742.7
1243.5328810214996,258.6,725.9
1244.5333890914917,253.0,710.6
1245.5339050292969,246.5,695.7
1246.5344457626343,239.9,680.1
1247.5349094867706,233.0,665.6
1248.5356838703156,226.6,652.2
1249.5362133979797,219.9,639.8
1250.5370087623596,212.8,622.8
1251.5375418663025,207.3,612.4
1252.538143157959,201.3,598.7
1253.5386817455292,195.3,585.9
1254.5393934249878,189.4,571.1
1255.5399453639984,183.5,557.3
1256.5404756069183,178.4,544.6
1257.540843963623,173.3,533.5
1258.5413694381714,168.3,520.0
1259.5418980121613,163.1,508.9
1260.5424671173096,158.3,496.1
1261.5429997444153,153.2,483.2
1262.5435316562653,149.4,473.3
1263.544065952301,145.6,460.6
1264.5446615219116,142.3,450.2
1265.545147895813,139.1,438.3
1266.5457315444946,135.4,428.3
1267.5462036132812,131.3,417.6
1268.5469598770142,128.8,408.7
1269.5474834442139,125.0,396.1
1270.5479743480682,121.1,383.9
1271.5485248565674,117.6,373.8
1272.549068927765,113.7,364.4
1273.5497913360596,110.4,352.6
1274.5502746105194,106.9,344.1
1275.5508074760437,103.9,334.5
1276.5511937141418,100.9,326.3
1277.5517177581787,98.0,319.9
1278.5522577762604,95.3,308.7
1279.552790403366,92.4,298.8
1280.5533530712128,89.8,291.4
1281.55371427536,87.1,282.1
1282.5542240142822,84.5,275.1
1283.5547654628754,82.6,267.8
1284.5554716587067,80.6,260.2
1285.5560355186462,78.0,254.0
1286.556645154953,75.9,247.2
1287.5573189258575,73.6,240.3
1288.5579063892365,71.3,233.1
1289.5585360527039,68.9,224.9
1290.560052871704,66.9,217.9
1291.5605857372284,64.8,211.8
1292.5612921714783,62.5,205.0
1293.5618164539337,60.7,199.9
1294.56218624115,59.0,195.4
1295.562932252884,57.9,191.2
1296.563426733017,55.7,184.7
1297.5640015602112,54.2,180.0
1298.5645015239716,52.6,174.6
1299.5648674964905,50.8,168.9
1300.5655677318573,49.6,165.7
1301.5660963058472,48.1,160.2
1302.5666518211365,46.6,154.5
1303.5673353672028,45.5,151.9
1304.5679001808167,44.0,146.7
1305.5686175823212,42.9,142.0
1306.5691289901733,41.4,137.6
1307.5698926448822,40.4,133.5
1308.5703704357147,39.4,130.4
1309.5708210468292,38.7,127.5
1310.5715713500977,37.8,123.0
1311.5719804763794,36.8,118.9
1312.5726833343506,35.6,115.1
1313.5732161998749,34.4,111.2
1314.5737709999084,33.3,107.9
1315.5743052959442,32.4,104.4
1316.5748705863953,31.4,100.6
1317.5753951072693,30.3,97.1
1318.5759580135345,29.8,95.1
1319.5764834880829,28.8,92.1
1320.5770008563995,27.9,88.9
1321.577400445938,27.2,87.0
1322.5779218673706,26.3,84.0
1323.578264951706,25.5,81.7
1324.5788156986237,24.8,79.0
1325.5793492794037,24.3,76.7
1326.5798873901367,23.7,75.2
1327.5802211761475,23.2,73.3
1328.58078956604,22.4,72.1
1329.5811216831207,22.0,70.9
1330.581669330597,21.4,68.9
1331.582210302353,20.7,66.9
1332.5825884342194,20.3,65.9
1333.5831122398376,19.7,62.1
1334.5836658477783,19.3,60.5
1335.5841445922852,18.7,58.1
1336.5845136642456,18.1,56.1
1337.5851192474365,17.6,54.3
1338.585429430008,17.1,53.0
1339.5859632492065,16.6,51.6
1340.5864923000336,16.1,51.1
1341.5868463516235,15.6,49.5
1342.5874710083008,15.2,47.9
1343.5879521369934,14.7,46.3
1344.5884776115417,14.3,45.4
1345.588996887207,13.8,43.8
1346.58940076828,13.5,42.9
1347.5897419452667,13.2,41.7
1348.5902757644653,12.7,40.3
1349.5908448696136,12.4,38.9
1350.5912132263184,12.1,38.6
1351.591585636139,11.8,37.2
1352.5920808315277,11.5,36.4
1353.5925860404968,11.1,34.3
1354.5928010940552,10.6,32.8
1355.5935034751892,10.1,31.8
1356.5939104557037,9.8,30.4
1357.5943768024445,9.5,29.4
1358.594966173172,9.1,28.0
1359.5954840183258,8.8,27.1
1360.595873594284,8.5,26.2
1361.5966138839722,8.2,25.7
1362.5968945026398,8.0,24.3
1363.597570180893,7.8,24.0
1364.597972869873,7.5,23.1
1365.5983650684357,7.4,22.5
1366.5989255905151,7.2,21.9
1367.5992481708527,7.2,21.3
1368.5998406410217,6.9,20.6
1369.6003868579865,6.6,19.7
1370.6009118556976,6.5,18.8
1371.6014051437378,6.2,18.0
1372.6019396781921,6.1,17.7
1373.6026668548584,5.8,17.5
1374.6030218601227,5.7,16.8
1375.603584766388,5.6,16.3
1376.6039221286774,5.4,16.0
1377.604320526123,5.3,15.7
1378.604903459549,5.1,15.3
1379.6053347587585,5.0,15.1
1380.605736732483,4.9,14.5
1381.6062607765198,4.7,14.5
1382.6065950393677,4.6,14.1
1383.6072623729706,4.5,13.9
1384.6076200008392,4.5,13.6
1385.6079246997833,4.4,13.1
1386.6080813407898,4.3,12.9
1387.6084516048431,4.1,12.5
1388.608984708786,4.0,12.1
1389.6093933582306,4.0,11.6
1390.6097264289856,3.8,11.3
1391.6102669239044,3.7,10.7
1392.6107251644135,3.6,10.6
1393.6111750602722,3.6,10.5
1394.611700296402,3.5,10.1
1395.6120972633362,3.4,10.3
1396.6124367713928,3.2,9.9
1397.6129949092865,3.1,9.8
1398.613355398178,3.1,9.5
1399.61376786232,3.0,9.5
1400.6143100261688,3.0,9.4
1401.6147878170013,2.9,9.4
1402.6150305271149,2.8,9.2
1403.6156570911407,2.8,8.9
1404.6160295009613,2.8,8.9
1405.6164016723633,2.7,8.6
1406.6169173717499,2.6,8.5
1407.6173808574677,2.6,8.4
1408.6177744865417,2.5,8.0
1409.6179933547974,2.5,7.7
1410.618447303772,2.3,7.6
1411.6187317371368,2.3,7.1
1412.6191012859344,2.1,6.9
1413.619467973709,2.1,7.0
1414.6197791099548,2.1,7.6
1415.6203842163086,2.1,7.3
1416.6208329200745,2.0,7.2
1417.6209280490875,2.0,7.1
1418.621469259262,2.0,7.2
1419.6218345165253,1.9,7.2
1420.6222717761993,1.8,7.0
1421.6225655078888,1.8,6.8
1422.6229240894318,1.8,6.9
1423.6233296394348,1.7,6.7
1424.6236681938171,1.7,6.6
1425.624204158783,1.6,6.2
1426.6245441436768,1.6,6.2
1427.6251502037048,1.5,6.0
1428.6254570484161,1.5,5.8
1429.6259744167328,1.5,5.6
1430.62655210495,1.4,5.4
1431.6270592212677,1.4,5.1
1432.6275231838226,1.3,4.9
1433.6277966499329,1.3,4.7
1434.6283206939697,1.2,4.4
1435.6287724971771,1.1,4.3
1436.6293029785156,1.2,4.3
1437.629585981369,1.1,4.3
1438.630152463913,1.1,4.2
1439.6306891441345,1.2,4.7
1440.6312119960785,1.1,4.5
1441.6316466331482,1.1,4.6
1442.6323413848877,1.2,4.5
1443.6328520774841,1.0,4.2
1444.6332275867462,1.0,3.4
1445.6339378356934,1.0,3.3
1446.6344962120056,1.0,3.3
1447.6347773075104,0.9,3.2
1448.6353812217712,0.9,2.9
1449.635740995407,0.9,2.8
1450.6362812519073,0.9,2.8
1451.6367795467377,0.9,3.0
1452.6374015808105,0.9,2.8
1453.6378664970398,0.9,2.7
1454.6383996009827,0.9,2.7
1455.6389400959015,0.8,2.7
1456.639490365982,0.8,2.4
1457.6401810646057,0.8,2.3
1458.640711069107,0.7,2.3
1459.6412541866302,0.7,2.4
1460.6419353485107,0.7,2.4
1461.642466545105,0.7,2.4
1462.643036365509,0.7,2.5
1463.6437294483185,0.7,2.4
1464.6442449092865,0.7,2.4
1465.644585609436,0.7,2.4
1466.645216703415,0.7,2.3
1467.645739555359,0.7,2.3
1468.646255016327,0.7,2.2
1469.6467752456665,0.6,1.7
1470.647435426712,0.6,1.7
1471.647836446762,0.6,1.7
1472.6484246253967,0.6,1.7
1473.6488823890686,0.6,1.7
1474.6493918895721,0.6,1.8
1475.6500673294067,0.6,2.2
1476.6505453586578,0.6,2.1
1477.6510317325592,0.6,2.0
1478.6516270637512,0.5,1.8
1479.6521306037903,0.5,1.8
1480.6526720523834,0.5,1.8
1481.6531918048859,0.5,1.9
1482.6539182662964,0.5,2.0
1483.6544833183289,0.5,2.4
1484.6550126075745,0.5,2.4
1485.6555497646332,0.4,2.3
1486.6560246944427,0.4,2.2
1487.6565809249878,0.4,2.2
1488.656947851181,0.4,2.2
1489.6575453281403,0.4,2.0
1490.6580233573914,0.4,2.0
1491.658551454544,0.4,2.0
1492.6589922904968,0.3,1.9
1493.6595227718353,0.4,1.9
1494.6600017547607,0.4,2.1
1495.6603887081146,0.4,2.1
1496.6609163284302,0.4,2.2
1497.6614022254944,0.4,2.2
1498.661849975586,0.4,2.2
1499.662346124649,0.4,2.2
1500.6630461215973,0.4,2.2
1501.6634068489075,0.4,2.2
1502.663974761963,0.3,2.1
1503.6643517017365,0.3,2.1
1504.664966583252,0.3,2.0
1505.6655757427216,0.3,1.6
1506.6659169197083,0.3,1.6
1507.6664683818817,0.3,1.6
1508.667232990265,0.3,1.6
1509.6676983833313,0.3,1.6
1510.6682777404785,0.3,1.6
1511.6687297821045,0.3,1.2
1512.6691207885742,0.3,1.1
1513.6696593761444,0.3,0.6
1514.670202255249,0.3,0.7
1515.67072224617,0.3,0.7
1516.6712749004364,0.4,0.7
1517.6718044281006,0.4,0.7
1518.6720867156982,0.4,0.7
1519.6727194786072,0.4,0.8
1520.6734356880188,0.4,0.8
1521.6737973690033,0.4,0.8
1522.674307346344,0.4,0.7
1523.6748359203339,0.3,0.7
1524.6753385066986,0.3,0.4
1525.6759271621704,0.3,0.4
1526.676688671112,0.3,0.4
1527.6772367954254,0.3,0.4
1528.677761554718,0.3,0.4
1529.678214788437,0.3,0.3
1530.6788113117218,0.3,0.3
1531.6793012619019,0.2,0.3
1532.680025100708,0.3,0.3
1533.6803822517395,0.3,0.4
1534.6808762550354,0.3,0.3
1535.6816658973694,0.3,0.3
1536.6820361614227,0.3,0.3
1537.682620048523,0.3,0.4
1538.6830983161926,0.3,0.4
1539.6836307048798,0.3,1.0
1540.6849114894867,0.3,1.0
1541.686023235321,0.3,1.0
